,date,no_data,no_water,water,total_pixels,total_obs,prop_water,prop_obs,prop_water_dq,prop_obs_gt_dq
0,1984-03-01,2150816.2862744904,0.0,0.0,2150816.2862744904,0.0,,0.0,,0.0
1,1984-04-01,2150816.2862744904,0.0,0.0,2150816.2862744904,0.0,,0.0,,0.0
2,1984-05-01,29747.980392156864,1954737.050980374,166331.25490196078,2150816.286274492,2121068.3058823347,0.07841862255952635,0.986168981245867,0.07841862255952635,0.13
3,1984-06-01,1199.6235294117646,1967170.3960784134,182446.26666666666,2150816.286274492,2149616.66274508,0.08487386138590922,0.999442247328576,0.08487386138590922,0.13
4,1984-07-01,492181.21176470583,1573683.8078431238,84951.26666666666,2150816.2862744965,1658635.0745097904,0.05121757520518732,0.7711653873435977,,0.0
5,1984-08-01,2150816.286274491,0.0,0.0,2150816.286274491,0.0,,0.0,,0.0
6,1984-09-01,1472.0,1959333.5411764525,190010.74509803922,2150816.286274492,2149344.286274492,0.08840405248774232,0.9993156086787172,0.08840405248774232,0.13
7,1984-10-01,7292.631372549019,1955267.8980391975,188255.7568627451,2150816.286274492,2143523.6549019427,0.08782536942488606,0.9966093657468156,0.08782536942488606,0.13
8,1984-11-01,2150816.2862744904,0.0,0.0,2150816.2862744904,0.0,,0.0,,0.0
9,1984-12-01,2150816.2862744904,0.0,0.0,2150816.2862744904,0.0,,0.0,,0.0
10,1985-01-01,2150816.2862744904,0.0,0.0,2150816.2862744904,0.0,,0.0,,0.0
11,1985-02-01,2150816.286274491,0.0,0.0,2150816.286274491,0.0,,0.0,,0.0
12,1985-03-01,2150393.286274491,423.0,0.0,2150816.286274491,423.0,0.0,0.00019666951691754857,,0.0
13,1985-04-01,169223.4862745097,1805962.1725490016,175630.62745098036,2150816.286274492,1981592.7999999821,0.08863103835004948,0.9213212735302335,0.08863103835004948,0.13
14,1985-05-01,2150816.2862744904,0.0,0.0,2150816.2862744904,0.0,,0.0,,0.0
15,1985-06-01,2150816.2862744904,0.0,0.0,2150816.2862744904,0.0,,0.0,,0.0
16,1985-07-01,2150816.2862744904,0.0,0.0,2150816.2862744904,0.0,,0.0,,0.0
17,1985-08-01,651938.2431372543,1351468.0901960656,147409.95294117648,2150816.2862744965,1498878.043137242,0.09834686258572349,0.6968879921090335,,0.0
18,1985-09-01,178936.2901960784,1806305.9215686095,165574.0745098039,2150816.286274492,1971879.9960784134,0.08396762218750137,0.9168054048418889,0.08396762218750137,0.13
19,1985-10-01,1098009.2980392128,1006490.0196078282,46316.96862745098,2150816.286274492,1052806.9882352792,0.043993789122817026,0.48949182454763956,,0.0
20,1985-11-01,1048494.3999999971,1039918.1686274359,62403.717647058824,2150816.286274492,1102321.8862744947,0.05661115725277305,0.5125132691755218,,0.0
21,1985-12-01,2150816.2862744904,0.0,0.0,2150816.2862744904,0.0,,0.0,,0.0
22,1986-01-01,2150816.2862744904,0.0,0.0,2150816.2862744904,0.0,,0.0,,0.0
23,1986-02-01,50796.70588235294,1915116.803921551,184902.77647058823,2150816.2862744923,2100019.580392139,0.08804812021612728,0.9763825919458978,0.08804812021612728,0.13
24,1986-03-01,9573.729411764707,1961774.7843137074,179467.77254901963,2150816.286274492,2141242.556862727,0.0838147794017178,0.9955487925803519,0.0838147794017178,0.13
25,1986-04-01,9478.356862745099,1967546.1294117465,173791.8,2150816.2862744913,2141337.9294117466,0.08116037997222739,0.9955931350700516,0.08116037997222739,0.13
26,1986-05-01,743820.6980392128,1280752.6313725337,126242.95686274511,2150816.286274492,1406995.5882352788,0.08972519737683404,0.6541681859180952,,0.0
27,1986-06-01,4999.874509803922,1987579.184313707,158237.2274509804,2150816.2862744913,2145816.4117646874,0.07374220207443025,0.9976753595638499,0.07374220207443025,0.13
28,1986-07-01,155863.30588235267,1875650.607843119,119302.37254901961,2150816.2862744913,1994952.9803921385,0.05980209745372991,0.9275329525459706,0.05980209745372991,0.13
29,1986-08-01,1655451.3176470557,475161.34509803384,20203.623529411765,2150816.2862745016,495364.96862744563,0.040785329623513444,0.23031486779630225,,0.0
30,1986-09-01,14817.329411764706,1983741.3764705698,152257.58039215684,2150816.2862744913,2135998.9568627267,0.07128167357150161,0.9931108344741846,0.07128167357150161,0.13
31,1986-10-01,1078978.4039215678,1042600.5137254832,29237.368627450982,2150816.286274502,1071837.8823529342,0.027277789961358836,0.49834004382098995,,0.0
32,1986-11-01,1498305.0235294015,633917.2627450968,18594.0,2150816.2862744983,652511.2627450968,0.02849605985615567,0.3033784274877952,,0.0
33,1986-12-01,2150816.2862744904,0.0,0.0,2150816.2862744904,0.0,,0.0,,0.0
34,1987-01-01,2150816.2862744904,0.0,0.0,2150816.2862744904,0.0,,0.0,,0.0
35,1987-02-01,2150805.2862744904,11.0,0.0,2150816.2862744904,11.0,0.0,5.114337319368877e-06,,0.0
36,1987-03-01,1435789.99215686,700790.9568627346,14235.337254901962,2150816.2862744965,715026.2941176366,0.01990883044723381,0.3324441509396223,,0.0
37,1987-04-01,4774.870588235294,1952479.0549019426,193562.36078431376,2150816.286274492,2146041.4156862563,0.09019507236416349,0.9977799728323118,0.09019507236416349,0.13
38,1987-05-01,777174.3725490164,1245424.5411764642,128217.37254901961,2150816.2862745,1373641.9137254837,0.09334119122885419,0.6386607366195902,,0.0
39,1987-06-01,1355.0,1965662.0235293936,183799.26274509804,2150816.286274492,2149461.286274492,0.08550945481956747,0.999370006630205,0.08550945481956747,0.13
40,1987-07-01,1705.2470588235294,1985356.3999999817,163754.63921568627,2150816.2862744913,2149111.039215668,0.07619645343008874,0.9992071628480288,0.07619645343008874,0.13
41,1987-08-01,1405091.7999999977,714550.0392156781,31174.44705882353,2150816.2862744993,745724.4862745017,0.04180424222699883,0.3467169609200774,,0.0
42,1987-09-01,523597.12549019535,1533179.9215686102,94039.23921568628,2150816.286274492,1627219.1607842965,0.05779137898693419,0.7565588800719297,,0.0
43,1987-10-01,11019.611764705882,1969637.7529411581,170158.92156862744,2150816.2862744913,2139796.6745097856,0.07952107020056465,0.9948765443915281,0.07952107020056465,0.13
44,1987-11-01,20570.886274509805,1959185.1058823345,171060.29411764705,2150816.2862744913,2130245.3999999817,0.08030074568763229,0.9904357771485257,0.08030074568763229,0.13
45,1987-12-01,2150816.286274491,0.0,0.0,2150816.286274491,0.0,,0.0,,0.0
46,1988-01-01,2150816.2862744904,0.0,0.0,2150816.2862744904,0.0,,0.0,,0.0
47,1988-02-01,14658.717647058824,1959471.0235293936,176686.5450980392,2150816.286274492,2136157.568627433,0.08271231846046236,0.9931845793894142,0.08271231846046236,0.13
48,1988-03-01,9129.498039215687,1966136.7529411581,175550.03529411767,2150816.286274492,2141686.788235276,0.08196811796124903,0.9957553334064485,0.08196811796124903,0.13
49,1988-04-01,14444.239215686275,1967112.8784313542,169259.168627451,2150816.2862744913,2136372.0470588054,0.0792273840413116,0.9932842989390296,0.0792273840413116,0.13
50,1988-05-01,5607.0,1974514.8509803738,170694.43529411766,2150816.2862744913,2145209.2862744913,0.07957006171204704,0.9973930827863908,0.07957006171204704,0.13
51,1988-06-01,247548.3725490187,1817871.4156862572,85396.49803921569,2150816.286274492,1903267.913725473,0.04486835375270939,0.8849049199930477,0.04486835375270939,0.13
52,1988-07-01,249142.95294117625,1869533.3450980205,32139.988235294117,2150816.286274491,1901673.3333333146,0.016900898630659193,0.8841635361741071,0.016900898630659193,0.13
53,1988-08-01,91.0,1992584.5882352758,158140.6980392157,2150816.2862744913,2150725.2862744913,0.07352900858535431,0.9999576904821761,0.07352900858535431,0.13
54,1988-09-01,1256660.1960784285,869919.596078418,24236.49411764706,2150816.286274493,894156.090196065,0.02710543984812834,0.41572871467551753,,0.0
55,1988-10-01,18211.858823529412,1970452.7529411581,162151.67450980394,2150816.2862744913,2132604.427450962,0.07603457651244726,0.9915325827967042,0.07603457651244726,0.13
56,1988-11-01,2001424.4549019423,148841.8313725486,550.0,2150816.286274491,149391.8313725486,0.0036815935312314867,0.06945820167249885,,0.0
57,1988-12-01,2150816.2862744904,0.0,0.0,2150816.2862744904,0.0,,0.0,,0.0
58,1989-01-01,2150816.2862744904,0.0,0.0,2150816.2862744904,0.0,,0.0,,0.0
59,1989-02-01,12693.733333333334,1968544.8784313544,169577.6745098039,2150816.286274492,2138122.5529411584,0.07931148487093795,0.9940981787173833,0.07931148487093795,0.13
60,1989-03-01,2150816.2862744904,0.0,0.0,2150816.2862744904,0.0,,0.0,,0.0
61,1989-04-01,1241900.4352941157,850404.8509803843,58511.0,2150816.2862745,908915.8509803843,0.06437449620543888,0.4225911142577163,,0.0
62,1989-05-01,47042.70980392157,1964380.2392156683,139393.33725490197,2150816.286274492,2103773.57647057,0.06625871662898127,0.9781279739677785,0.06625871662898127,0.13
63,1989-06-01,27334.611764705896,1959629.2039215504,163852.4705882353,2150816.286274492,2123481.6745097856,0.07716217783045447,0.9872910522673912,0.07716217783045447,0.13
64,1989-07-01,948804.1019607813,1103858.3098039085,98153.87450980392,2150816.2862744937,1202012.1843137124,0.08165796968675886,0.5588632520519737,,0.0
65,1989-08-01,8871.121568627452,1963002.2627450798,178942.9019607843,2150816.2862744913,2141945.164705864,0.08354224230822317,0.9958754628997193,0.08354224230822317,0.13
66,1989-09-01,2150816.2862744904,0.0,0.0,2150816.2862744904,0.0,,0.0,,0.0
67,1989-10-01,4934.7411764705885,1960433.4196078249,185448.1254901961,2150816.286274492,2145881.545098021,0.08642048575040291,0.9977056426399773,0.08642048575040291,0.13
68,1989-11-01,29718.192156862744,1931285.4705882175,189812.62352941174,2150816.286274492,2121098.0941176293,0.08948790442828304,0.9861828309807257,0.08948790442828304,0.13
69,1989-12-01,2150816.2862744904,0.0,0.0,2150816.2862744904,0.0,,0.0,,0.0
70,1990-01-01,2150816.2862744904,0.0,0.0,2150816.2862744904,0.0,,0.0,,0.0
71,1990-02-01,2150816.2862744904,0.0,0.0,2150816.2862744904,0.0,,0.0,,0.0
72,1990-03-01,2150816.2862744904,0.0,0.0,2150816.2862744904,0.0,,0.0,,0.0
73,1990-04-01,10617.73725490196,1952456.0470588054,187742.5019607843,2150816.286274492,2140198.5490195896,0.08772200226319557,0.9950633918281818,0.08772200226319557,0.13
74,1990-05-01,250959.72549019573,1747805.6745097865,152050.8862745098,2150816.286274492,1899856.5607842964,0.08003282427371272,0.8833188463879024,0.08003282427371272,0.13
75,1990-06-01,10827.24705882353,1962564.368627433,177424.6705882353,2150816.286274492,2139989.039215668,0.08290914922314911,0.9949659823910029,0.08290914922314911,0.13
76,1990-07-01,61508.019607843176,1932410.6078431192,156897.6588235294,2150816.286274492,2089308.2666666487,0.07509550473078302,0.9714024763526486,0.07509550473078302,0.13
77,1990-08-01,753311.8470588216,1290703.082352925,106801.3568627451,2150816.286274492,1397504.43921567,0.07642291062966917,0.6497553734058519,,0.0
78,1990-09-01,9059.494117647058,1966059.5058823347,175697.28627450982,2150816.2862744913,2141756.7921568444,0.08203419123866759,0.9957878810126832,0.08203419123866759,0.13
79,1990-10-01,9924.73725490196,1964107.3803921386,176784.16862745097,2150816.286274492,2140891.5490195896,0.08257502287232082,0.995385595079302,0.08257502287232082,0.13
80,1990-11-01,20465.839215686276,1955154.650980374,175195.7960784314,2150816.286274492,2130350.4470588053,0.0822380169048287,0.9904846177024555,0.0822380169048287,0.13
81,1990-12-01,2150816.2862744904,0.0,0.0,2150816.2862744904,0.0,,0.0,,0.0
82,1991-01-01,2150816.2862744904,0.0,0.0,2150816.2862744904,0.0,,0.0,,0.0
83,1991-02-01,23157.850980392155,1949221.7803921388,178436.65490196078,2150816.286274492,2127658.4352940996,0.08386527270637593,0.9892329944085998,0.08386527270637593,0.13
84,1991-03-01,16283.741176470588,1948629.7725490015,185902.77254901963,2150816.286274492,2134532.545098021,0.08709296701797661,0.9924290413456575,0.08709296701797661,0.13
85,1991-04-01,1537604.1372548975,600447.3254901906,12764.823529411766,2150816.2862744997,613212.1490196025,0.020816325230705295,0.28510670712921166,,0.0
86,1991-05-01,18520.72156862745,1956122.305882335,176173.2588235294,2150816.286274492,2132295.5647058645,0.08262140659089694,0.9913889802272663,0.08262140659089694,0.13
87,1991-06-01,18594.462745098084,1951040.7960784135,181181.0274509804,2150816.286274492,2132221.823529394,0.08497287920591565,0.9913546950226483,0.08497287920591565,0.13
88,1991-07-01,19873.917647058825,1949188.588235276,181753.78039215686,2150816.286274492,2130942.3686274327,0.08529267758152784,0.9907598255723257,0.08529267758152784,0.13
89,1991-08-01,872310.9058823502,1165836.3058823377,112669.07450980392,2150816.286274492,1278505.3803921416,0.08812561623733346,0.5944279799957661,,0.0
90,1991-09-01,4020.243137254902,1958950.7921568446,187845.25098039216,2150816.286274492,2146796.043137237,0.08750027818473294,0.9981308291354728,0.08750027818473294,0.13
91,1991-10-01,501037.0274509804,1568184.0509803742,81595.20784313726,2150816.286274492,1649779.2588235114,0.049458257767966085,0.7670479665565276,,0.0
92,1991-11-01,993372.1333333304,1076134.6745097889,81309.47843137255,2150816.286274492,1157444.1529411613,0.07024915908448666,0.5381418024065705,,0.0
93,1991-12-01,2150816.2862744904,0.0,0.0,2150816.2862744904,0.0,,0.0,,0.0
94,1992-01-01,2150816.2862744904,0.0,0.0,2150816.2862744904,0.0,,0.0,,0.0
95,1992-02-01,114006.99215686238,1842559.0509803747,194250.2431372549,2150816.286274492,2036809.2941176295,0.09536987272115059,0.9469936168493787,0.09536987272115059,0.13
96,1992-03-01,1187249.6470588206,946852.0156862646,16714.623529411765,2150816.286274497,963566.6392156763,0.017346619163794555,0.4480004384217786,,0.0
97,1992-04-01,5011.870588235294,1958490.6666666486,187313.74901960784,2150816.286274492,2145804.4156862563,0.08729302058021092,0.9976697821100673,0.08729302058021092,0.13
98,1992-05-01,74274.89411764705,1965801.8980391975,110739.49411764706,2150816.286274492,2076541.3921568445,0.053328816143956126,0.9654666488292677,0.053328816143956126,0.13
99,1992-06-01,691928.7960784289,1364138.2666666512,94749.22352941177,2150816.286274492,1458887.490196063,0.06494621700860442,0.6782947941700106,,0.0
100,1992-07-01,150.0,1982557.3568627266,168108.92941176472,2150816.2862744913,2150666.2862744913,0.07816597604409038,0.9999302590365541,0.07816597604409038,0.13
101,1992-08-01,16786.435294117648,1964042.9529411586,169986.89803921568,2150816.286274492,2134029.850980374,0.07965535156929676,0.992195318865102,0.07965535156929676,0.13
102,1992-09-01,10610.733333333334,1964579.4039215506,175626.14901960787,2150816.286274492,2140205.5529411584,0.08206041180402283,0.9950666482297692,0.08206041180402283,0.13
103,1992-10-01,575328.0666666646,1423693.5215686117,151794.6980392157,2150816.286274492,1575488.2196078275,0.09634772012259199,0.7325071088878486,,0.0
104,1992-11-01,18913.43137254902,1939240.3647058643,192662.49019607843,2150816.286274492,2131902.854901943,0.09037113945088271,0.9912063938267319,0.09037113945088271,0.13
105,1992-12-01,2150816.2862744904,0.0,0.0,2150816.2862744904,0.0,,0.0,,0.0
106,1993-01-01,2150816.2862744904,0.0,0.0,2150816.2862744904,0.0,,0.0,,0.0
107,1993-02-01,218534.14901960792,1786999.882352924,145282.25490196078,2150816.2862744927,1932282.1372548847,0.07518687468091871,0.8983947860102273,0.07518687468091871,0.13
108,1993-03-01,14635.988235294117,1941645.1882352764,194535.1098039216,2150816.2862744923,2136180.298039198,0.09106680273312397,0.993195147196581,0.09106680273312397,0.13
109,1993-04-01,7865.996078431373,1950062.180392139,192888.1098039216,2150816.286274492,2142950.2901960607,0.09001053859549588,0.9963427857001882,0.09001053859549588,0.13
110,1993-05-01,932396.5921568607,1157063.6196078276,61356.07450980392,2150816.2862744923,1218419.6941176315,0.05035709354175979,0.5664917556618009,,0.0
111,1993-06-01,892077.3333333306,1147751.6274509649,110987.32549019608,2150816.286274492,1258738.9529411609,0.08817342565816673,0.5852377820336617,,0.0
112,1993-07-01,75.0,1969797.5058823347,180943.78039215688,2150816.2862744913,2150741.2862744913,0.08413089084535465,0.999965129518277,0.08413089084535465,0.13
113,1993-08-01,686699.7803921552,1423487.0235293964,40629.48235294118,2150816.2862744927,1464116.5058823377,0.0277501702833793,0.6807259714489085,,0.0
114,1993-09-01,1839.0,1985636.0705882171,163341.21568627452,2150816.286274492,2148977.286274492,0.07600881439256438,0.9991449757881528,0.07600881439256438,0.13
115,1993-10-01,15489.61568627451,1967406.1176470406,167920.5529411765,2150816.286274492,2135326.670588217,0.07863928046893148,0.9927982618575458,0.07863928046893148,0.13
116,1993-11-01,20374.498039215687,1963243.007843119,167198.78039215686,2150816.286274492,2130441.788235276,0.07848080211130942,0.9905270858467846,0.07848080211130942,0.13
117,1993-12-01,2150816.2862744904,0.0,0.0,2150816.2862744904,0.0,,0.0,,0.0
118,1994-01-01,2150816.2862744904,0.0,0.0,2150816.2862744904,0.0,,0.0,,0.0
119,1994-02-01,39155.419607843156,1926494.97647057,185165.89019607843,2150816.286274492,2111660.8666666485,0.08768732381178759,0.98179508874946,0.08768732381178759,0.13
120,1994-03-01,546456.1529411759,1459806.6549019443,144553.47843137255,2150816.2862744927,1604360.133333317,0.09010039294047988,0.7459308094194729,,0.0
121,1994-04-01,15810.345098039215,1954077.7843137071,180928.15686274512,2150816.2862744913,2135005.941176452,0.08474363156247157,0.9926491420029998,0.08474363156247157,0.13
122,1994-05-01,943223.568627448,1108988.5137254752,98604.20392156862,2150816.286274492,1207592.7176470438,0.08165352645856941,0.5614578638600323,,0.0
123,1994-06-01,912224.7529411736,1140249.3294117507,98342.20392156862,2150816.2862744927,1238591.5333333192,0.0793984144691417,0.5758704456709917,,0.0
124,1994-07-01,46629.07058823528,1941214.8941176292,162972.32156862746,2150816.286274492,2104187.2156862565,0.07745143604794495,0.9783202912839184,0.07745143604794495,0.13
125,1994-08-01,628607.909803919,1373004.427450965,149203.94901960786,2150816.286274492,1522208.3764705728,0.09801808433452162,0.7077351916035777,,0.0
126,1994-09-01,21304.309803921573,1947023.8392156684,182488.13725490193,2150816.286274492,2129511.97647057,0.08569481612277935,0.9900947793914915,0.08569481612277935,0.13
127,1994-10-01,1420278.6627450958,692788.0470588165,37749.57647058823,2150816.2862745007,730537.6235294048,0.05167369243518336,0.33965598465631525,,0.0
128,1994-11-01,7406.729411764705,1949408.5647058645,194000.99215686275,2150816.286274492,2143409.5568627273,0.09051046335765095,0.9965563170322678,0.09051046335765095,0.13
129,1994-12-01,2150816.2862744904,0.0,0.0,2150816.2862744904,0.0,,0.0,,0.0
130,1995-01-01,2150816.2862744904,0.0,0.0,2150816.2862744904,0.0,,0.0,,0.0
131,1995-02-01,1052498.337254899,1020408.549019593,77909.4,2150816.2862744923,1098317.949019593,0.0709351969250301,0.5106516795639621,,0.0
132,1995-03-01,557049.8784313711,1518512.615686258,75253.79215686274,2150816.286274492,1593766.4078431209,0.047217579556533225,0.7410053652716859,,0.0
133,1995-04-01,19225.847058823532,1947618.5529411586,183971.88627450983,2150816.286274492,2131590.4392156685,0.08630733319586636,0.9910611393536892,0.08630733319586636,0.13
134,1995-05-01,1496096.1607843058,635471.015686273,19249.10980392157,2150816.2862745,654720.1254901945,0.029400516426021876,0.30440541559421463,,0.0
135,1995-06-01,1572977.956862731,477429.54117646924,100408.78823529412,2150816.286274494,577838.3294117633,0.17376623031827915,0.26866001206112206,,0.0
136,1995-07-01,5891.623529411765,1965769.1294117465,179155.53333333333,2150816.286274492,2144924.66274508,0.08352532676091738,0.997260749991987,0.08352532676091738,0.13
137,1995-08-01,10431.960784313724,1970366.250980374,170018.0745098039,2150816.286274492,2140384.3254901776,0.07943343281158977,0.9951497666951444,0.07943343281158977,0.13
138,1995-09-01,128536.99215686276,1895262.2392156697,127017.05490196079,2150816.286274493,2022279.2941176305,0.0628088589303296,0.9402380421902484,0.0628088589303296,0.13
139,1995-10-01,4766.498039215687,1954514.6392156682,191535.14901960787,2150816.286274492,2146049.788235276,0.08925009571987128,0.9977838655632127,0.08925009571987128,0.13
140,1995-11-01,22151.352941176472,1937750.3215686094,190914.61176470586,2150816.286274492,2128664.9333333154,0.0896874885169218,0.9897009553616755,0.0896874885169218,0.13
141,1995-12-01,2150816.2862744904,0.0,0.0,2150816.2862744904,0.0,,0.0,,0.0
142,1996-01-01,2150816.2862744904,0.0,0.0,2150816.2862744904,0.0,,0.0,,0.0
143,1996-02-01,2078397.305882336,62725.286274509985,9693.69411764706,2150816.286274493,72418.98039215704,0.13385571110162833,0.03367046309547738,,0.0
144,1996-03-01,1423599.6470588206,711182.9529411658,16033.686274509802,2150816.2862744965,727216.6392156755,0.022048018994453432,0.3381119270187937,,0.0
145,1996-04-01,37883.80392156863,1919293.2431372372,193639.23921568628,2150816.2862744923,2112932.4823529236,0.09164478317833095,0.9823863134367516,0.09164478317833095,0.13
146,1996-05-01,7866.1882352941175,1960286.7058823348,182663.39215686277,2150816.286274492,2142950.0980391977,0.08523921874055772,0.9963426963588232,0.08523921874055772,0.13
147,1996-06-01,2147.0,1969763.627450962,178905.65882352943,2150816.2862744913,2148669.2862744913,0.08326346914639815,0.9990017743432105,0.08326346914639815,0.13
148,1996-07-01,3177.3647058823526,1981479.1137254718,166159.80784313724,2150816.2862744913,2147638.921568609,0.07736859589123864,0.9985227168279509,0.07736859589123864,0.13
149,1996-08-01,81963.7803921568,1971600.2588235112,97252.24705882353,2150816.286274492,2068852.5058823347,0.047007820413638865,0.9618917799185306,0.047007820413638865,0.13
150,1996-09-01,9908.490196078432,1963359.7529411584,177548.0431372549,2150816.286274492,2140907.7960784133,0.0829311955715593,0.9953931489828722,0.0829311955715593,0.13
151,1996-10-01,16237.607843137255,1959887.5098039035,174691.16862745097,2150816.286274492,2134578.6784313545,0.08183871149496673,0.9924504905664151,0.08183871149496673,0.13
152,1996-11-01,208823.9372549014,1785793.3921568454,156198.9568627451,2150816.286274492,1941992.3490195905,0.08043232350611562,0.9029094495017922,0.08043232350611562,0.13
153,1996-12-01,2150816.2862744904,0.0,0.0,2150816.2862744904,0.0,,0.0,,0.0
154,1997-01-01,2150816.2862744904,0.0,0.0,2150816.2862744904,0.0,,0.0,,0.0
155,1997-02-01,30251.08235294118,1928552.7176470407,192012.4862745098,2150816.286274492,2120565.2039215504,0.09054778693879448,0.9859350691428228,0.09054778693879448,0.13
156,1997-03-01,15294.349019607844,1938410.8235293939,197111.11372549017,2150816.286274492,2135521.9372548843,0.09230114207062068,0.9928890490939608,0.09230114207062068,0.13
157,1997-04-01,39327.16078431379,1922830.6274509626,188658.4980392157,2150816.286274492,2111489.1254901784,0.0893485530006786,0.9817152394487242,0.0893485530006786,0.13
158,1997-05-01,18958.858823529412,1957984.3960784131,173873.031372549,2150816.286274492,2131857.4274509624,0.08155940877361907,0.9911852727987434,0.08155940877361907,0.13
159,1997-06-01,1407095.2784313653,665276.3843137254,78444.62352941177,2150816.2862745025,743721.0078431371,0.10547587428908155,0.34578546414643346,,0.0
160,1997-07-01,4075.6117647058823,1968584.3882352759,178156.2862745098,2150816.286274492,2146740.6745097856,0.08298919771257061,0.9981050860593186,0.08298919771257061,0.13
161,1997-08-01,16292.86274509804,1953320.0156862563,181203.40784313725,2150816.286274492,2134523.4235293935,0.08489174016348852,0.9924248003657626,0.08489174016348852,0.13
162,1997-09-01,67942.91372549,1910809.2156862565,172064.1568627451,2150816.286274492,2082873.3725490016,0.08260903381379087,0.9684106382497333,0.08260903381379087,0.13
163,1997-10-01,15198.858823529412,1952023.2901960604,183594.13725490196,2150816.286274492,2135617.4274509624,0.085967708867237,0.992933446282455,0.085967708867237,0.13
164,1997-11-01,1584903.0980392126,558892.1137254832,7021.074509803922,2150816.2862745,565913.1882352871,0.012406628182138783,0.2631155398286127,,0.0
165,1997-12-01,2150816.2862744904,0.0,0.0,2150816.2862744904,0.0,,0.0,,0.0
166,1998-01-01,2150816.2862744904,0.0,0.0,2150816.2862744904,0.0,,0.0,,0.0
167,1998-02-01,92749.44313725483,1863189.4823529234,194877.36078431376,2150816.286274492,2058066.8431372372,0.09468951965002763,0.9568770965102235,0.09468951965002763,0.13
168,1998-03-01,2150816.2862744904,0.0,0.0,2150816.2862744904,0.0,,0.0,,0.0
169,1998-04-01,58262.066666666535,1907916.972549002,184637.24705882353,2150816.2862744923,2092554.2196078254,0.08823534670151925,0.9729116489221008,0.08823534670151925,0.13
170,1998-05-01,349957.57254901953,1797443.627450964,3415.086274509804,2150816.286274493,1800858.7137254737,0.0018963654663640681,0.8372908115015283,0.0018963654663640681,0.13
171,1998-06-01,9618.235294117647,1989527.8823529228,151670.168627451,2150816.2862744913,2141198.0509803738,0.07083425494339814,0.9955281000262567,0.07083425494339814,0.13
172,1998-07-01,243207.08235294124,1768082.0392156686,139527.16470588234,2150816.2862744923,1907609.203921551,0.07314242582760169,0.8869233583988666,0.07314242582760169,0.13
173,1998-08-01,21444.09411764706,1982407.1098039031,146965.0823529412,2150816.2862744913,2129372.1921568443,0.06901803399812413,0.9900297881067327,0.06901803399812413,0.13
174,1998-09-01,944956.1725490142,1120602.3647058764,85257.74901960784,2150816.2862744983,1205860.1137254843,0.07070285188901844,0.5606523074149654,,0.0
175,1998-10-01,8106.117647058823,1963159.3803921388,179550.7882352941,2150816.286274492,2142710.168627433,0.08379611524889989,0.9962311436365866,0.08379611524889989,0.13
176,1998-11-01,93265.47450980387,1889274.0352940997,168276.77647058823,2150816.286274492,2057550.811764688,0.0817849918983353,0.956637173009624,0.0817849918983353,0.13
177,1998-12-01,2150816.2862744904,0.0,0.0,2150816.2862744904,0.0,,0.0,,0.0
178,1999-01-01,2150816.2862744904,0.0,0.0,2150816.2862744904,0.0,,0.0,,0.0
179,1999-02-01,13391.564705882352,1948427.9411764527,188996.78039215686,2150816.286274492,2137424.7215686096,0.08842266044974731,0.9937737291690876,0.08842266044974731,0.13
180,1999-03-01,13327.01568627451,1945402.874509786,192086.3960784314,2150816.286274492,2137489.2705882173,0.08986543171071497,0.9938037405745338,0.08986543171071497,0.13
181,1999-04-01,875050.7176470561,1144165.8901960636,131599.67843137257,2150816.2862744923,1275765.5686274362,0.10315349596161097,0.5931541325815588,,0.0
182,1999-05-01,1015630.0470588235,1040374.0509803847,94812.18823529412,2150816.2862745025,1135186.2392156788,0.08352126282010044,0.5277932134231562,,0.0
183,1999-06-01,85848.26666666665,1908535.8392156684,156432.18039215688,2150816.286274492,2064968.0196078252,0.07575525572636528,0.9600857278166851,0.07575525572636528,0.13
184,1999-07-01,234.0,1969545.3529411582,181036.93333333332,2150816.2862744913,2150582.2862744913,0.08418042615190895,0.9998912040970244,0.08418042615190895,0.13
185,1999-08-01,60064.847058823536,1937612.1294117467,153139.30980392155,2150816.286274492,2090751.4392156682,0.07324606212461619,0.9720734646458977,0.07324606212461619,0.13
186,1999-09-01,168.0,1972259.4941176288,178388.79215686276,2150816.2862744913,2150648.2862744913,0.08294652049586441,0.9999218901209406,0.08294652049586441,0.13
187,1999-10-01,12471.874509803922,1960341.1215686093,178003.29019607842,2150816.286274492,2138344.411764688,0.08324350802272287,0.9942013297047295,0.08324350802272287,0.13
188,1999-11-01,6422.282352941176,1958406.8627450801,185987.1411764706,2150816.286274492,2144394.0039215507,0.08673179501357842,0.9970140256078935,0.08673179501357842,0.13
189,1999-12-01,2150816.286274491,0.0,0.0,2150816.286274491,0.0,,0.0,,0.0
190,2000-01-01,2150816.2862744904,0.0,0.0,2150816.2862744904,0.0,,0.0,,0.0
191,2000-02-01,9669.399999999998,1950556.7333333152,190590.15294117646,2150816.286274492,2141146.886274492,0.08901311449622008,0.9955043115203723,0.08901311449622008,0.13
192,2000-03-01,8060.870588235293,1953712.533333315,189042.88235294115,2150816.2862744913,2142755.4156862563,0.08822420000389859,0.9962521807930896,0.08822420000389859,0.13
193,2000-04-01,3143.247058823529,1956175.270588217,191497.768627451,2150816.2862744913,2147673.039215668,0.08916523378129575,0.9985385794784604,0.08916523378129575,0.13
194,2000-05-01,2131.6235294117646,1965180.247058805,183504.4156862745,2150816.2862744913,2148684.6627450795,0.08540313935681754,0.9990089234756986,0.08540313935681754,0.13
195,2000-06-01,31354.89411764708,1944493.2117646877,174968.18039215685,2150816.286274492,2119461.3921568445,0.08255313403661606,0.9854218631699324,0.08255313403661606,0.13
196,2000-07-01,2065.0,1976703.8470588052,172047.43921568626,2150816.2862744913,2148751.2862744913,0.08006856834230563,0.9990398994032276,0.08006856834230563,0.13
197,2000-08-01,17048.498039215687,1979039.819607825,154727.968627451,2150816.286274492,2133767.788235276,0.07251396777126255,0.9920734754762592,0.07251396777126255,0.13
198,2000-09-01,3220.494117647059,1978467.2274509622,169128.56470588237,2150816.2862744913,2147595.7921568444,0.07875251261133523,0.9985026642497555,0.07875251261133523,0.13
199,2000-10-01,6812.239215686275,1981030.4745097857,162973.5725490196,2150816.2862744913,2144004.0470588054,0.07601364968158084,0.996832719159159,0.07601364968158084,0.13
200,2000-11-01,27083.843137254902,1964573.3725490014,159159.07058823528,2150816.286274492,2123732.443137237,0.07494308951325387,0.9874076445719276,0.07494308951325387,0.13
201,2000-12-01,2150816.2862744904,0.0,0.0,2150816.2862744904,0.0,,0.0,,0.0
202,2001-01-01,2150816.2862744904,0.0,0.0,2150816.2862744904,0.0,,0.0,,0.0
203,2001-02-01,10945.992156862743,1973943.3607842955,165926.93333333335,2150816.286274492,2139870.2941176286,0.07754064991203263,0.9949107730740577,0.07754064991203263,0.13
204,2001-03-01,9793.996078431372,1964920.1176470406,176102.17254901963,2150816.286274492,2141022.29019606,0.08225144285298094,0.9954463818500295,0.08225144285298094,0.13
205,2001-04-01,19614.77254901961,1962170.0784313544,169031.43529411763,2150816.286274492,2131201.513725472,0.0793127417588214,0.990880312431056,0.0793127417588214,0.13
206,2001-05-01,319.0,1983202.596078413,167294.69019607845,2150816.2862744913,2150497.2862744913,0.07779349049349361,0.9998516842177383,0.07779349049349361,0.13
207,2001-06-01,35116.68235294117,1985709.1098039031,129990.49411764706,2150816.2862744913,2115699.6039215503,0.06144090298863954,0.9836728582645392,0.06144090298863954,0.13
208,2001-07-01,10652.627450980392,1966528.8274509623,173634.83137254903,2150816.286274492,2140163.658823511,0.08113156704473685,0.9950471699889196,0.08113156704473685,0.13
209,2001-08-01,262.0,1978831.3490195896,171722.93725490198,2150816.286274492,2150554.286274492,0.07985054753134636,0.9998781857838478,0.07985054753134636,0.13
210,2001-09-01,4641.3647058823535,1975375.596078413,170799.32549019606,2150816.2862744913,2146174.9215686093,0.07958313358976407,0.9978420450247187,0.07958313358976407,0.13
211,2001-10-01,2144.0,1974700.9882352757,173971.2980392157,2150816.2862744913,2148672.2862744913,0.08096688320062922,0.9990031691624793,0.08096688320062922,0.13
212,2001-11-01,19206.12156862745,1966203.6039215503,165406.5607843137,2150816.2862744913,2131610.164705864,0.07759700320585484,0.9910703105182941,0.07759700320585484,0.13
213,2001-12-01,2150816.2862744904,0.0,0.0,2150816.2862744904,0.0,,0.0,,0.0
214,2002-01-01,2150816.2862744904,0.0,0.0,2150816.2862744904,0.0,,0.0,,0.0
215,2002-02-01,9631.996078431373,1961130.513725472,180053.77647058823,2150816.2862744913,2141184.29019606,0.084090742349927,0.9955217020905514,0.084090742349927,0.13
216,2002-03-01,16534.274509803923,1955200.470588217,179081.5411764706,2150816.2862744913,2134282.0117646875,0.0839071594987584,0.9923125584387109,0.0839071594987584,0.13
217,2002-04-01,1271228.7568627424,846939.1647058714,32648.364705882355,2150816.286274496,879587.5294117538,0.03711781217239036,0.40895521157472636,,0.0
218,2002-05-01,57682.42352941185,1927004.294117629,166129.56862745096,2150816.286274492,2093133.8627450801,0.07936882183425058,0.9731811480610808,0.07936882183425058,0.13
219,2002-06-01,38599.81176470591,1952186.77647057,160029.6980392157,2150816.2862744913,2112216.4745097854,0.07576387172927257,0.9820534129246501,0.07576387172927257,0.13
220,2002-07-01,777.0,1980665.082352923,169374.20392156864,2150816.286274492,2150039.286274492,0.07877726002628258,0.9996387418093501,0.07877726002628258,0.13
221,2002-08-01,4292.603921568628,1980473.945098021,166049.73725490196,2150816.286274492,2146523.682352923,0.077357514673626,0.9980041977787865,0.077357514673626,0.13
222,2002-09-01,180.0,1985396.219607825,165240.06666666665,2150816.286274492,2150636.286274492,0.07683310642587038,0.9999163108438649,0.07683310642587038,0.13
223,2002-10-01,369282.3529411764,1615410.87058822,166123.06274509805,2150816.2862744946,1781533.933333318,0.09324720659924533,0.8283059528153268,0.09324720659924533,0.13
224,2002-11-01,9692.254901960783,1955195.0039215505,185929.02745098041,2150816.286274492,2141124.031372531,0.08683711206201997,0.9954936853678241,0.08683711206201997,0.13
225,2002-12-01,2150816.2862744904,0.0,0.0,2150816.2862744904,0.0,,0.0,,0.0
226,2003-01-01,2150816.2862744904,0.0,0.0,2150816.2862744904,0.0,,0.0,,0.0
227,2003-02-01,200137.30980392112,1798307.0235293945,152371.95294117648,2150816.286274492,1950678.976470571,0.07811226489807573,0.9069482079519744,0.07811226489807573,0.13
228,2003-03-01,31308.560784313726,1924314.854901943,195192.87058823532,2150816.286274492,2119507.725490178,0.09209349333373773,0.9854434053786414,0.09209349333373773,0.13
229,2003-04-01,1668.0,1961289.5137254721,187858.7725490196,2150816.286274492,2149148.286274492,0.08741080071057789,0.9992244804864812,0.08741080071057789,0.13
230,2003-05-01,274856.6235294115,1721108.7450980218,154850.9176470588,2150816.286274492,1875959.6627450807,0.08254490793286375,0.8722082284370738,0.08254490793286375,0.13
231,2003-06-01,35404.79215686279,1947593.6901960603,167817.80392156864,2150816.286274492,2115411.494117629,0.079331044758064,0.9835389045625142,0.079331044758064,0.13
232,2003-07-01,85718.12549019599,1894923.4823529231,170174.67843137257,2150816.286274492,2065098.1607842958,0.08240512807717701,0.9601462356235587,0.08240512807717701,0.13
233,2003-08-01,1132347.9999999972,951007.3137254778,67460.97254901961,2150816.2862744946,1018468.2862744974,0.06623767618311244,0.4735263968261197,,0.0
234,2003-09-01,3449.027450980392,1959878.113725472,187489.14509803924,2150816.286274492,2147367.258823511,0.0873111687475201,0.9983964100174475,0.0873111687475201,0.13
235,2003-10-01,5263.76862745098,1957616.882352923,187935.63529411764,2150816.286274492,2145552.5176470405,0.08759311820538455,0.9975526646971002,0.08759311820538455,0.13
236,2003-11-01,1008211.1764705854,1065339.9058823378,77265.20392156862,2150816.286274492,1142605.1098039064,0.06762196603061653,0.531242541306517,,0.0
237,2003-12-01,2150816.2862744904,0.0,0.0,2150816.2862744904,0.0,,0.0,,0.0
238,2004-01-01,2150816.2862744904,0.0,0.0,2150816.2862744904,0.0,,0.0,,0.0
239,2004-02-01,227064.21176470572,1759962.2980391984,163789.77647058823,2150816.2862744923,1923752.0745097867,0.08514079264206921,0.8944288207162445,0.08514079264206921,0.13
240,2004-03-01,24322.247058823537,1934890.780392139,191603.2588235294,2150816.286274492,2126494.0392156686,0.0901028901516225,0.9886916203796501,0.0901028901516225,0.13
241,2004-04-01,10382.733333333337,1953505.4156862563,186928.137254902,2150816.286274492,2140433.5529411584,0.08733190385566747,0.9951726544942071,0.08733190385566747,0.13
242,2004-05-01,42917.149019607845,1960073.8470588054,147825.29019607842,2150816.286274492,2107899.137254884,0.07012920475340734,0.9800461111934641,0.07012920475340734,0.13
243,2004-06-01,43740.98039215687,1956514.4862744915,150560.81960784315,2150816.2862744913,2107075.3058823347,0.07145488307300722,0.9796630792358737,0.07145488307300722,0.13
244,2004-07-01,27903.882352941186,1947693.4823529231,175218.92156862747,2150816.286274492,2122912.4039215506,0.08253704733410303,0.9870263757388249,0.08253704733410303,0.13
245,2004-08-01,9872.356862745095,1961817.525490178,179126.40392156865,2150816.286274492,2140943.9294117466,0.08366702250384767,0.9954099488060668,0.08366702250384767,0.13
246,2004-09-01,289930.34901960765,1716478.0313725332,144407.90588235293,2150816.2862744937,1860885.9372548861,0.07760169658511065,0.8651998541810345,0.07760169658511065,0.13
247,2004-10-01,16552.3137254902,1950390.4588235111,183873.5137254902,2150816.2862744913,2134263.972549001,0.08615312636603512,0.9923041712901658,0.08615312636603512,0.13
248,2004-11-01,326317.62745098036,1670420.8862744956,154077.7725490196,2150816.2862744955,1824498.6588235153,0.08444937561553101,0.8482819618145042,0.08444937561553101,0.13
249,2004-12-01,2150816.286274491,0.0,0.0,2150816.286274491,0.0,,0.0,,0.0
250,2005-01-01,2150816.2862744904,0.0,0.0,2150816.2862744904,0.0,,0.0,,0.0
251,2005-02-01,43790.18039215688,1910968.3529411587,196057.75294117647,2150816.286274492,2107026.105882335,0.09304951295754146,0.9796402041998634,0.09304951295754146,0.13
252,2005-03-01,7571.388235294116,1944986.8980391975,198258.0,2150816.286274492,2143244.8980391975,0.09250366123879795,0.9964797605989822,0.09250366123879795,0.13
253,2005-04-01,10169.89019607843,1949256.0274509625,191390.368627451,2150816.286274492,2140646.3960784134,0.08940774570619008,0.9952716137305738,0.08940774570619008,0.13
254,2005-05-01,32684.43921568629,1958823.9960784132,159307.85098039216,2150816.286274492,2118131.847058805,0.07521148940827446,0.9848037047960518,0.07521148940827446,0.13
255,2005-06-01,8180.827450980392,1963973.0509803742,178662.40784313725,2150816.286274492,2142635.4588235114,0.08338441665724979,0.9961964080785576,0.08338441665724979,0.13
256,2005-07-01,152635.98823529403,1862599.5019607663,135580.79607843136,2150816.286274492,1998180.2980391977,0.06785213336928403,0.929033460826317,0.06785213336928403,0.13
257,2005-08-01,674859.9137254885,1347361.5372548886,128594.83529411766,2150816.2862744946,1475956.3725490062,0.08712644742475131,0.6862307961716074,,0.0
258,2005-09-01,20.0,1960712.5215686094,190083.76470588238,2150816.286274492,2150796.286274492,0.08837832105203071,0.9999907012048739,0.08837832105203071,0.13
259,2005-10-01,2131.0117647058823,1955816.392156845,192868.8823529412,2150816.286274492,2148685.274509786,0.08976134599188494,0.9990092079094319,0.08976134599188494,0.13
260,2005-11-01,565060.1764705882,1445393.807843123,140362.3019607843,2150816.2862744955,1585756.1098039073,0.08851443238528107,0.7372810592533923,,0.0
261,2005-12-01,2150816.286274491,0.0,0.0,2150816.286274491,0.0,,0.0,,0.0
262,2006-01-01,2150816.2862744904,0.0,0.0,2150816.2862744904,0.0,,0.0,,0.0
263,2006-02-01,205539.38823529374,1764303.5098039045,180973.3882352941,2150816.2862744923,1945276.8980391985,0.09303219938390866,0.9044365669225445,0.09303219938390866,0.13
264,2006-03-01,235504.07058823504,1755374.8235293943,159937.39215686274,2150816.2862744923,1915312.215686257,0.08350460611433898,0.8905047948115734,0.08350460611433898,0.13
265,2006-04-01,7976.494117647058,1954573.3999999817,188266.39215686274,2150816.2862744913,2142839.7921568444,0.08785836106177865,0.9962914107687629,0.08785836106177865,0.13
266,2006-05-01,215766.47450980367,1791627.2549019433,143422.5568627451,2150816.286274492,1935049.8117646885,0.07411827643441873,0.8996815879223509,0.07411827643441873,0.13
267,2006-06-01,12273.494117647058,1977868.1960784132,160674.59607843138,2150816.2862744913,2138542.7921568444,0.07513274771386816,0.9942935646359149,0.07513274771386816,0.13
268,2006-07-01,54.0,1987449.69019606,163312.59607843138,2150816.2862744913,2150762.2862744913,0.0759324250386212,0.9999748932531595,0.0759324250386212,0.13
269,2006-08-01,1200.0,1982877.3450980207,166738.9411764706,2150816.2862744913,2149616.2862744913,0.07756683936622313,0.9994420722924325,0.07756683936622313,0.13
270,2006-09-01,7355.988235294118,1972160.7372548836,171299.56078431374,2150816.2862744913,2143460.2980391975,0.07991730051683989,0.9965799086224907,0.07991730051683989,0.13
271,2006-10-01,5470.505882352942,1972377.6078431192,172968.1725490196,2150816.286274492,2145345.7803921388,0.0806248457148029,0.9974565443281868,0.0806248457148029,0.13
272,2006-11-01,18646.46666666667,1954182.9058823348,177986.91372549022,2150816.286274492,2132169.819607825,0.08347689386121587,0.9913305163320271,0.08347689386121587,0.13
273,2006-12-01,2150816.2862744904,0.0,0.0,2150816.2862744904,0.0,,0.0,,0.0
274,2007-01-01,2150816.2862744904,0.0,0.0,2150816.2862744904,0.0,,0.0,,0.0
275,2007-02-01,10733.760784313727,1952164.9921568446,187917.53333333333,2150816.286274492,2140082.525490178,0.08780854527574422,0.9950094478766913,0.08780854527574422,0.13
276,2007-03-01,86992.85490196056,1873937.5372548844,189885.89411764705,2150816.286274492,2063823.4313725315,0.09200685060124777,0.9595535632414967,0.09200685060124777,0.13
277,2007-04-01,3243.6235294117646,1960993.8862744914,186578.77647058826,2150816.2862744913,2147572.6627450795,0.08687891204207207,0.998491910466686,0.08687891204207207,0.13
278,2007-05-01,3395.8705882352942,1972494.3529411582,174926.06274509805,2150816.286274492,2147420.4156862563,0.0814586940998214,0.9984211247562581,0.0814586940998214,0.13
279,2007-06-01,4220.611764705882,1976189.6117646876,170406.06274509805,2150816.286274492,2146595.6745097856,0.07938433155746175,0.9980376697946541,0.07938433155746175,0.13
280,2007-07-01,799866.2823529402,1256883.0039215535,94067.0,2150816.2862744937,1350950.0039215535,0.06963025998515208,0.6281103656052291,,0.0
281,2007-08-01,1439.6235294117646,1984353.9607842956,165022.7019607843,2150816.286274492,2149376.66274508,0.07677700461771335,0.9993306617870625,0.07677700461771335,0.13
282,2007-09-01,421.0,1983195.345098021,167199.9411764706,2150816.286274492,2150395.286274492,0.07775311927238293,0.9998042603625951,0.07775311927238293,0.13
283,2007-10-01,1264785.129411762,841720.1607843032,44310.99607843137,2150816.2862744965,886031.1568627346,0.05001065226117788,0.41195111015151364,,0.0
284,2007-11-01,156271.1686274509,1852251.658823512,142293.45882352942,2150816.2862744923,1994545.1176470416,0.0713413086345184,0.9273433209406584,0.0713413086345184,0.13
285,2007-12-01,2150816.2862744904,0.0,0.0,2150816.2862744904,0.0,,0.0,,0.0
286,2008-01-01,2150816.2862744904,0.0,0.0,2150816.2862744904,0.0,,0.0,,0.0
287,2008-02-01,209033.66274509786,1801893.1568627274,139889.46666666667,2150816.286274492,1941782.6235293942,0.07204177489877979,0.9028119397834891,0.07204177489877979,0.13
288,2008-03-01,12243.501960784313,1974337.2235293933,164235.56078431374,2150816.2862744913,2138572.784313707,0.07679680672501349,0.9943075091820177,0.07679680672501349,0.13
289,2008-04-01,472189.7019607844,1564992.6039215538,113633.98039215687,2150816.286274495,1678626.5843137107,0.06769461502280148,0.7804602350400272,,0.0
290,2008-05-01,3978.247058823529,1990893.09019606,155944.94901960786,2150816.2862744913,2146838.039215668,0.0726393636459792,0.9981503547819446,0.0726393636459792,0.13
291,2008-06-01,2454.0,1994622.4352940992,153739.85098039216,2150816.2862744913,2148362.2862744913,0.07156141771925946,0.9988590378380244,0.07156141771925946,0.13
292,2008-07-01,395.0,1998161.0705882167,152260.21568627452,2150816.2862744913,2150421.2862744913,0.07080483096875335,0.999816348796259,0.07080483096875335,0.13
293,2008-08-01,4411.305882352941,1999645.4823529227,146759.4980392157,2150816.2862744913,2146404.9803921385,0.06837456089596074,0.9979490085180664,0.06837456089596074,0.13
294,2008-09-01,114145.45490196062,1888064.3568627269,148606.47450980393,2150816.2862744913,2036670.8313725307,0.07296538656158624,0.946929240014415,0.07296538656158624,0.13
295,2008-10-01,3738.164705882353,1989269.6470588052,157808.47450980393,2150816.2862744913,2147078.121568609,0.07349917682292458,0.9982619786126145,0.07349917682292458,0.13
296,2008-11-01,26684.862745098042,1976536.3254901776,147595.0980392157,2150816.2862744913,2124131.4235293935,0.06948491811960301,0.9875931464182282,0.06948491811960301,0.13
297,2008-12-01,2150816.286274491,0.0,0.0,2150816.286274491,0.0,,0.0,,0.0
298,2009-01-01,2150816.2862744904,0.0,0.0,2150816.2862744904,0.0,,0.0,,0.0
299,2009-02-01,13494.890196078431,1968911.9686274328,168409.42745098038,2150816.286274492,2137321.3960784134,0.078794620107196,0.9937256890408556,0.078794620107196,0.13
300,2009-03-01,12765.627450980392,1968285.627450962,169765.031372549,2150816.286274492,2138050.658823511,0.07940178155833048,0.9940647522838445,0.07940178155833048,0.13
301,2009-04-01,16531.854901960785,1961102.7529411584,173181.67843137257,2150816.286274492,2134284.4313725308,0.08114273612538216,0.9923136834105918,0.08114273612538216,0.13
302,2009-05-01,2048844.3490195894,99441.93725490196,2530.0,2150816.2862744913,101971.93725490196,0.02481074762437524,0.04741080765737149,,0.0
303,2009-06-01,261.0,1974257.7176470407,176297.568627451,2150816.286274492,2150555.286274492,0.08197769652918785,0.999878650723604,0.08197769652918785,0.13
304,2009-07-01,27144.61960784314,1966037.9686274328,157633.6980392157,2150816.286274492,2123671.6666666484,0.07422696291213428,0.9873793871745031,0.07422696291213428,0.13
305,2009-08-01,282017.7803921564,1730824.7568627275,137973.74901960784,2150816.286274492,1868798.5058823354,0.07383019013837709,0.8688787219104381,0.07383019013837709,0.13
306,2009-09-01,6399.992156862745,1960709.505882335,183706.7882352941,2150816.286274492,2144416.294117629,0.08566750249903535,0.9970243892062263,0.08566750249903535,0.13
307,2009-10-01,1089763.9529411735,1008933.2352941025,52119.098039215685,2150816.286274492,1061052.3333333181,0.04912019549071858,0.4933254132881828,,0.0
308,2009-11-01,11689.474509803922,1948500.7921568449,190626.01960784313,2150816.286274492,2139126.811764688,0.08911394058521702,0.9945650985700637,0.08911394058521702,0.13
309,2009-12-01,2150816.286274491,0.0,0.0,2150816.286274491,0.0,,0.0,,0.0
310,2010-01-01,2150816.2862744904,0.0,0.0,2150816.2862744904,0.0,,0.0,,0.0
311,2010-02-01,14847.45882352941,1939250.7215686096,196718.10588235297,2150816.286274492,2135968.8274509627,0.09209783558363714,0.9930968261128211,0.09209783558363714,0.13
312,2010-03-01,3399.247058823529,1948515.2980391975,198901.7411764706,2150816.2862744913,2147417.039215668,0.09262371376596618,0.998419554900846,0.09262371376596618,0.13
313,2010-04-01,1125.0235294117647,1956166.1215686095,193525.1411764706,2150816.286274492,2149691.26274508,0.090024620991084,0.9994769318343965,0.090024620991084,0.13
314,2010-05-01,1869.4980392156863,1970894.9803921387,178051.80784313724,2150816.2862744913,2148946.788235276,0.08285538237517465,0.9991307960372322,0.08285538237517465,0.13
315,2010-06-01,19480.094117647073,1956550.2588235112,174785.93333333332,2150816.2862744913,2131336.1921568443,0.08200767855232427,0.9909429297881182,0.08200767855232427,0.13
316,2010-07-01,22.0,1966790.6196078253,184003.6666666667,2150816.286274492,2150794.286274492,0.08555149501786592,0.9999897713253613,0.08555149501786592,0.13
317,2010-08-01,11.0,1967284.0039215505,183521.2823529412,2150816.286274492,2150805.286274492,0.08532677668410737,0.9999948856626806,0.08532677668410737,0.13
318,2010-09-01,492.0,1963772.6352940993,186551.65098039215,2150816.2862744913,2150324.2862744913,0.08675512441130408,0.9997712496398973,0.08675512441130408,0.13
319,2010-10-01,1244.0,1962810.7568627268,186761.5294117647,2150816.2862744913,2149572.2862744913,0.08688311186568584,0.999421614943155,0.08688311186568584,0.13
320,2010-11-01,9546.870588235293,1950611.4117646879,190658.00392156863,2150816.286274492,2141269.4156862563,0.08903970818658734,0.9955612803152184,0.08903970818658734,0.13
321,2010-12-01,2150816.2862744904,0.0,0.0,2150816.2862744904,0.0,,0.0,,0.0
322,2011-01-01,2150816.2862744904,0.0,0.0,2150816.2862744904,0.0,,0.0,,0.0
323,2011-02-01,373021.65882352914,1621049.1960784146,156745.43137254904,2150816.2862744927,1777794.6274509635,0.08816846949149221,0.8265674008496311,0.08816846949149221,0.13
324,2011-03-01,6074.98431372549,1946798.4509803741,197942.8509803922,2150816.286274492,2144741.3019607663,0.09229218032003617,0.9971754982736121,0.09229218032003617,0.13
325,2011-04-01,65505.6392156862,1904642.505882335,180668.1411764706,2150816.286274492,2085310.6470588055,0.08663847826763424,0.969543824066373,0.08663847826763424,0.13
326,2011-05-01,1816.0,1972359.2313725308,176641.05490196077,2150816.286274492,2149000.286274492,0.08219685033555105,0.9991556694025479,0.08219685033555105,0.13
327,2011-06-01,38852.43529411765,1966521.4078431192,145442.44313725492,2150816.286274492,2111963.850980374,0.06886597186298454,0.9819359582024481,0.06886597186298454,0.13
328,2011-07-01,1386.0,1972770.964705864,176659.32156862743,2150816.2862744913,2149430.2862744913,0.0821889049841309,0.9993555934977595,0.0821889049841309,0.13
329,2011-08-01,1346.0,1973616.5843137072,175853.70196078432,2150816.2862744913,2149470.2862744913,0.08181257637460893,0.9993741910880117,0.08181257637460893,0.13
330,2011-09-01,27343.24705882353,1963650.596078413,159822.44313725492,2150816.2862744913,2123473.039215668,0.07526464437537073,0.9872870373758488,0.07526464437537073,0.13
331,2011-10-01,2115.0,1972371.133333315,176330.15294117646,2150816.2862744913,2148701.2862744913,0.08206359537621216,0.9990166524154123,0.08206359537621216,0.13
332,2011-11-01,26837.717647058824,1961155.027450962,162823.54117647058,2150816.2862744913,2123978.5686274325,0.07665969119532651,0.9875220780973601,0.07665969119532651,0.13
333,2011-12-01,2150816.2862744904,0.0,0.0,2150816.2862744904,0.0,,0.0,,0.0
334,2012-01-01,2150816.2862744904,0.0,0.0,2150816.2862744904,0.0,,0.0,,0.0
335,2012-02-01,508011.0666666665,1494848.4196078302,147956.8,2150816.2862744965,1642805.2196078303,0.09006350736779384,0.7638054584631169,,0.0
336,2012-03-01,102443.90588235292,1869676.5882352768,178695.79215686276,2150816.2862744923,2048372.3803921395,0.08723794260624297,0.9523697553639974,0.08723794260624297,0.13
337,2012-04-01,505390.96862745174,1518315.9843137152,127109.33333333334,2150816.2862745,1645425.3176470485,0.07725013828953305,0.7650236462069682,,0.0
338,2012-05-01,223197.0196078434,1769995.3019607703,157623.96470588236,2150816.286274496,1927619.2666666526,0.08177131627162794,0.8962268320952457,0.08177131627162794,0.13
339,2012-06-01,778257.6117647053,1326276.9568627318,46281.717647058824,2150816.286274496,1372558.6745097907,0.033719299951667524,0.6381570956426258,,0.0
340,2012-07-01,716599.6431372542,1358796.1450980296,75420.49803921569,2150816.2862744997,1434216.6431372454,0.05258654499660441,0.6668243365506125,,0.0
341,2012-08-01,285059.7568627452,1730872.7019607697,134883.82745098037,2150816.286274495,1865756.5294117501,0.07229444213361942,0.8674643861115136,0.07229444213361942,0.13
342,2012-09-01,832020.2117647056,1260378.470588224,58417.60392156863,2150816.2862744983,1318796.0745097927,0.04429616151479897,0.613160725500235,,0.0
343,2012-10-01,41368.58039215686,1941700.5019607665,167747.20392156864,2150816.2862744923,2109447.705882335,0.07952185942026171,0.9807661023137345,0.07952185942026171,0.13
344,2012-11-01,367542.2156862741,1688375.9999999825,94898.07058823529,2150816.286274492,1783274.0705882178,0.05321563979054151,0.8291150118065604,0.05321563979054151,0.13
345,2012-12-01,2150816.2862744904,0.0,0.0,2150816.2862744904,0.0,,0.0,,0.0
346,2013-01-01,2150816.2862744904,0.0,0.0,2150816.2862744904,0.0,,0.0,,0.0
347,2013-02-01,489865.2235294125,1516192.6588235209,144758.40392156862,2150816.286274502,1660951.0627450894,0.08715392474136072,0.7722421823493237,,0.0
348,2013-03-01,360410.2666666667,1635675.003921554,154731.0156862745,2150816.286274495,1790406.0196078285,0.08642230532723906,0.8324309384457257,0.08642230532723906,0.13
349,2013-04-01,46454.109803921565,1920171.886274492,184190.29019607842,2150816.286274492,2104362.1764705703,0.08752784680106815,0.9784016375083404,0.08752784680106815,0.13
350,2013-05-01,114671.12156862725,1881886.086274492,154259.07843137256,2150816.286274492,2036145.1647058646,0.07576035397930793,0.9466848366825168,0.07576035397930793,0.13
351,2013-06-01,48059.019607843125,1934548.5999999822,168208.66666666666,2150816.286274492,2102757.266666649,0.07999433378885232,0.9776554511352117,0.07999433378885232,0.13
352,2013-07-01,451227.36470588134,1594490.5490195937,105098.37254901961,2150816.2862744946,1699588.9215686133,0.06183752507166289,0.7902064590149314,,0.0
353,2013-08-01,13326.627450980403,1954774.7411764525,182714.91764705884,2150816.286274492,2137489.6588235116,0.08548107678220364,0.9938039210805569,0.08548107678220364,0.13
354,2013-09-01,34790.40000000002,1936821.2156862565,179204.67058823528,2150816.286274492,2116025.886274492,0.08468926195593279,0.9838245599022027,0.08468926195593279,0.13
355,2013-10-01,435.0,1959808.77647057,190572.50980392157,2150816.2862744913,2150381.2862744913,0.08862266009303217,0.9997977512060068,0.08862266009303217,0.13
356,2013-11-01,7007.247058823529,1949678.3058823347,194130.73333333334,2150816.2862744913,2143809.039215668,0.09055411642650682,0.9967420522600929,0.09055411642650682,0.13
357,2013-12-01,2150816.2862744904,0.0,0.0,2150816.2862744904,0.0,,0.0,,0.0
358,2014-01-01,2150816.286274491,0.0,0.0,2150816.286274491,0.0,,0.0,,0.0
359,2014-02-01,23684.5568627451,1928518.1294117467,198613.59999999998,2150816.286274492,2127131.729411747,0.09337155628576237,0.9889881079040136,0.09337155628576237,0.13
360,2014-03-01,47498.419607843156,1918490.7411764525,184827.1254901961,2150816.286274492,2103317.8666666485,0.08787408143074033,0.9779160963625968,0.08787408143074033,0.13
361,2014-04-01,3381.3803921568624,1954697.1529411585,192737.75294117647,2150816.286274492,2147434.905882335,0.08975254728942979,0.9984278618244917,0.08975254728942979,0.13
362,2014-05-01,1735.0,1965807.2392156683,183274.04705882352,2150816.286274492,2149081.286274492,0.08528018378333913,0.9991933295228086,0.08528018378333913,0.13
363,2014-06-01,210361.1882352943,1840268.4941176316,100186.60392156863,2150816.2862744946,1940455.0980392003,0.05163046752424503,0.9021947204055868,0.05163046752424503,0.13
364,2014-07-01,40394.63921568628,1948250.3176470408,162171.32941176472,2150816.286274492,2110421.6470588055,0.07684309419294254,0.9812189262869795,0.07684309419294254,0.13
365,2014-08-01,996.0,1964862.745098021,184957.5411764706,2150816.286274492,2149820.286274492,0.0860339547251137,0.999536920002719,0.0860339547251137,0.13
366,2014-09-01,149686.46274509787,1847366.5333333157,153763.29019607842,2150816.2862744923,2001129.823529394,0.07683823827326006,0.9304048124889478,0.07683823827326006,0.13
367,2014-10-01,11611.109803921569,1957094.0274509625,182111.1490196078,2150816.286274492,2139205.1764705703,0.08513028624961967,0.9946015334373195,0.08513028624961967,0.13
368,2014-11-01,18595.01568627451,1966922.8666666485,165298.40392156862,2150816.286274492,2132221.2705882173,0.07752403852343506,0.9913544379383125,0.07752403852343506,0.13
369,2014-12-01,2150816.2862744904,0.0,0.0,2150816.2862744904,0.0,,0.0,,0.0
370,2015-01-01,2150816.2862744904,0.0,0.0,2150816.2862744904,0.0,,0.0,,0.0
371,2015-02-01,1008543.3019607817,1098766.4901960636,43506.49411764706,2150816.2862744923,1142272.9843137106,0.03808765042603735,0.5310881229620422,,0.0
372,2015-03-01,629365.9882352924,1398382.631372533,123067.66666666666,2150816.286274492,1521450.2980391998,0.08088839104719532,0.7073827308024341,,0.0
373,2015-04-01,1159276.349019605,950043.094117634,41496.8431372549,2150816.2862744937,991539.9372548889,0.04185090441454157,0.4610063367952132,,0.0
374,2015-05-01,18358.92156862745,1960063.3098039033,172394.05490196077,2150816.286274492,2132457.3647058643,0.08084290816559399,0.9914642074798365,0.08084290816559399,0.13
375,2015-06-01,4146.0,1971425.9725490012,175244.31372549018,2150816.2862744913,2146670.2862744913,0.08163541222235093,0.9980723597703542,0.08163541222235093,0.13
376,2015-07-01,3081.7058823529414,1966737.1529411583,180997.42745098038,2150816.286274492,2147734.5803921386,0.0842736477325487,0.9985671924180511,0.0842736477325487,0.13
377,2015-08-01,90280.14509803921,1930436.4039215508,130099.73725490196,2150816.286274492,2060536.1411764529,0.06313877958996737,0.9580251713388239,0.06313877958996737,0.13
378,2015-09-01,2172.8745098039217,1962370.0117646877,186273.4,2150816.286274492,2148643.411764688,0.08669349180049055,0.9989897442549277,0.08669349180049055,0.13
379,2015-10-01,5294.270588235294,1958998.250980374,186523.76470588238,2150816.2862744913,2145522.0156862563,0.08693630889926887,0.9975384831228866,0.08693630889926887,0.13
380,2015-11-01,1169028.1529411734,943964.4392156719,37823.69411764706,2150816.2862744923,981788.1333333189,0.038525311962398556,0.4564723354563723,,0.0
381,2015-12-01,2150816.2862744904,0.0,0.0,2150816.2862744904,0.0,,0.0,,0.0
382,2016-01-01,2150816.286274491,0.0,0.0,2150816.286274491,0.0,,0.0,,0.0
383,2016-02-01,18209.768627450983,1935188.043137237,197418.47450980393,2150816.286274492,2132606.517647041,0.09257144854251911,0.9915335546119596,0.09257144854251911,0.13
384,2016-03-01,44113.23921568631,1923717.7960784133,182985.25098039216,2150816.286274492,2106703.0470588054,0.08685858751467615,0.979490001309179,0.08685858751467615,0.13
385,2016-04-01,2307.0,1956925.0156862566,191584.27058823532,2150816.286274492,2148509.286274492,0.08917079009718493,0.9989273839822015,0.08917079009718493,0.13
386,2016-05-01,503135.4901960776,1540879.55294116,106801.2431372549,2150816.2862744927,1647680.796078415,0.06481913450193062,0.7660723077992044,,0.0
387,2016-06-01,31970.749019607858,1959011.3529411582,159834.1843137255,2150816.286274492,2118845.537254884,0.07543456165323034,0.9851355277418948,0.07543456165323034,0.13
388,2016-07-01,4061.4352941176467,1970339.0470588054,176415.80392156861,2150816.2862744913,2146754.850980374,0.08217789927946526,0.9981116772640994,0.08217789927946526,0.13
389,2016-08-01,682.0,1966496.1137254722,183638.17254901963,2150816.286274492,2150134.286274492,0.08540776905018661,0.9996829110861991,0.08540776905018661,0.13
390,2016-09-01,3092.996078431372,1966671.482352923,181051.80784313724,2150816.2862744913,2147723.29019606,0.08429941076190009,0.9985619431570381,0.08429941076190009,0.13
391,2016-10-01,6668.329411764706,1964286.1803921387,179861.77647058826,2150816.2862744913,2144147.9568627267,0.08388496507198054,0.9968996285483243,0.08388496507198054,0.13
392,2016-11-01,202258.04313725448,1804896.6784313559,143661.56470588234,2150816.2862744927,1948558.243137238,0.07372710834374796,0.9059621947127836,0.07372710834374796,0.13
393,2016-12-01,2150816.2862744904,0.0,0.0,2150816.2862744904,0.0,,0.0,,0.0
394,2017-01-01,2150816.2862744904,0.0,0.0,2150816.2862744904,0.0,,0.0,,0.0
395,2017-02-01,33796.42352941177,1945015.8431372368,172004.01960784316,2150816.286274492,2117019.86274508,0.08124818412653455,0.9842866990802122,0.08124818412653455,0.13
396,2017-03-01,8984.145098039215,1968714.9647058642,173117.17647058825,2150816.286274492,2141832.1411764524,0.08082667784390402,0.9958229137674974,0.08082667784390402,0.13
397,2017-04-01,90645.89803921542,1897121.3215686097,163049.06666666665,2150816.286274492,2060170.3882352763,0.07914348618821429,0.957855118255485,0.07914348618821429,0.13
398,2017-05-01,3860.0,1972566.4745097857,174389.8117647059,2150816.2862744913,2146956.2862744913,0.08122653119655084,0.9982053325406578,0.08122653119655084,0.13
399,2017-06-01,38392.01568627452,1947354.1921568448,165070.07843137256,2150816.286274492,2112424.2705882173,0.07814248336836606,0.9821500255827174,0.07814248336836606,0.13
400,2017-07-01,103.0,1967771.6039215503,182941.68235294116,2150816.2862744913,2150713.2862744913,0.08506093467708865,0.9999521112051004,0.08506093467708865,0.13
401,2017-08-01,116125.30588235268,1877656.7960784142,157034.1843137255,2150816.2862744923,2034690.9803921396,0.077178395061967,0.946008728582069,0.077178395061967,0.13
402,2017-09-01,251.0,1967404.4862744915,183160.80000000002,2150816.2862744913,2150565.2862744913,0.08516867689113343,0.9998833001211671,0.08516867689113343,0.13
403,2017-10-01,8172.117647058823,1964642.6392156682,178001.52941176473,2150816.286274492,2142644.168627433,0.08307563711140689,0.9962004576126704,0.08307563711140689,0.13
404,2017-11-01,1709093.717647043,402990.8196078441,38731.74901960784,2150816.286274495,441722.56862745195,0.0876834279488086,0.20537438341262296,,0.0
405,2017-12-01,2150816.2862744904,0.0,0.0,2150816.2862744904,0.0,,0.0,,0.0
406,2018-01-01,2150816.2862744904,0.0,0.0,2150816.2862744904,0.0,,0.0,,0.0
407,2018-02-01,304488.3725490198,1671268.1686274386,175059.74509803922,2150816.2862744974,1846327.9137254779,0.09481508880229607,0.8584312502689692,0.09481508880229607,0.13
408,2018-03-01,10427.019607843138,1944042.517647041,196346.74901960784,2150816.286274492,2140389.266666649,0.091734130831907,0.9951520640445289,0.091734130831907,0.13
409,2018-04-01,2003782.2470588044,143244.0392156863,3790.0,2150816.286274491,147034.0392156863,0.025776344173204655,0.06836197036166647,,0.0
410,2018-05-01,1687.0,1963070.619607825,186058.66666666666,2150816.286274492,2149129.286274492,0.08657397572818837,0.9992156466311113,0.08657397572818837,0.13
411,2018-06-01,5219.392156862744,1961434.97647057,184161.9176470588,2150816.2862744913,2145596.8941176287,0.08583248705847654,0.9975732970825215,0.08583248705847654,0.13
412,2018-07-01,3601.764705882353,1968480.7098039035,178733.8117647059,2150816.286274492,2147214.5215686094,0.0832398486361461,0.9983253963953745,0.0832398486361461,0.13
413,2018-08-01,8024.298039215686,1957816.8235293939,184975.16470588234,2150816.286274492,2142791.988235276,0.08632436826414543,0.9962691848251183,0.08632436826414543,0.13
414,2018-09-01,12790.470588235296,1950362.77647057,187663.0392156863,2150816.2862744913,2138025.815686256,0.08777398188498994,0.9940532017216636,0.08777398188498994,0.13
415,2018-10-01,15203.996078431373,1948779.7725490015,186832.51764705882,2150816.286274492,2135612.29019606,0.08748428659300637,0.9929310577684126,0.08748428659300637,0.13
416,2018-11-01,1354704.7450980362,726656.9686274454,69454.57254901962,2150816.286274501,796111.541176465,0.08724226312104727,0.3701439059471861,,0.0
417,2018-12-01,2150816.2862744904,0.0,0.0,2150816.2862744904,0.0,,0.0,,0.0
418,2019-01-01,2150816.2862744904,0.0,0.0,2150816.2862744904,0.0,,0.0,,0.0
419,2019-02-01,29669.149019607852,1927482.0313725313,193665.10588235292,2150816.286274492,2121147.1372548845,0.09130206126718188,0.9862056330850096,0.09130206126718188,0.13
420,2019-03-01,21542.16862745099,1935186.517647041,194087.60000000003,2150816.286274492,2129274.117647041,0.09115200264326556,0.9899841893680447,0.09115200264326556,0.13
421,2019-04-01,67044.70980392152,1906669.9333333154,177101.64313725487,2150816.286274492,2083771.5764705702,0.08499091029796285,0.9688282489621407,0.08499091029796285,0.13
422,2019-05-01,27023.6392156863,1948797.4745097859,174995.17254901963,2150816.286274492,2123792.6470588055,0.08239748489164733,0.9874356357685504,0.08239748489164733,0.13
423,2019-06-01,299.0,1968984.2431372367,181533.0431372549,2150816.286274492,2150517.286274492,0.08441366377097981,0.9998609830128644,0.08441366377097981,0.13
424,2019-07-01,72148.52549019601,1910792.9568627272,167874.80392156864,2150816.286274492,2078667.7607842959,0.0807607675880961,0.9664552821407322,0.0807607675880961,0.13
425,2019-08-01,729.0,1964453.1215686093,185634.16470588234,2150816.286274492,2150087.286274492,0.08633796678437886,0.9996610589176528,0.08633796678437886,0.13
426,2019-09-01,1.0,1960783.0156862563,190032.2705882353,2150816.286274492,2150815.286274492,0.08835359865672024,0.9999995350602436,0.08835359865672024,0.13
427,2019-10-01,604.8745098039216,1958905.0313725309,191306.38039215683,2150816.286274492,2150211.411764688,0.08897096320177691,0.9997187697928159,0.08897096320177691,0.13
428,2019-11-01,1156870.2745098018,962369.6588235283,31576.35294117647,2150816.2862745062,993946.0117647048,0.0317686801570984,0.46212501649145904,,0.0
429,2019-12-01,2150816.2862744904,0.0,0.0,2150816.2862744904,0.0,,0.0,,0.0
430,2020-01-01,2150816.2862744904,0.0,0.0,2150816.2862744904,0.0,,0.0,,0.0
431,2020-02-01,1373799.1058823487,676838.0039215647,100179.17647058824,2150816.2862745016,777017.1803921529,0.12892787829997376,0.36126617849730414,,0.0
432,2020-03-01,110046.54509803923,1857532.6235293942,183237.1176470588,2150816.2862744923,2040769.741176453,0.08978823722730579,0.9488349861397716,0.08978823722730579,0.13
433,2020-04-01,10233.407843137256,1949902.1215686095,190680.7568627451,2150816.286274492,2140582.8784313546,0.08907889471790893,0.9952420818512292,0.08907889471790893,0.13
434,2020-05-01,8923.03137254902,1958220.3372548837,183672.91764705884,2150816.286274492,2141893.254901943,0.0857526009882633,0.9958513279681339,0.0857526009882633,0.13
435,2020-06-01,470246.9137254908,1561949.3725490086,118620.0,2150816.2862744993,1680569.3725490086,0.0705832213400883,0.7813635145286997,,0.0
436,2020-07-01,4017.0039215686274,1959759.1176470406,187040.16470588234,2150816.286274492,2146799.282352923,0.08712512913684396,0.9981323351756245,0.08712512913684396,0.13
437,2020-08-01,17869.592156862745,1954248.2705882173,178698.42352941175,2150816.286274492,2132946.694117629,0.08378007008906374,0.9916917161772959,0.08378007008906374,0.13
438,2020-09-01,121160.84313725462,1851017.9254901784,178637.51764705882,2150816.286274492,2029655.4431372373,0.08801371594921496,0.9436675071179038,0.08801371594921496,0.13
439,2020-10-01,446.0,1953031.423529394,197338.862745098,2150816.286274492,2150370.286274492,0.09176971240938547,0.9997926368686874,0.09176971240938547,0.13
440,2020-11-01,2150816.2862744904,0.0,0.0,2150816.2862744904,0.0,,0.0,,0.0
441,2020-12-01,2150816.2862744904,0.0,0.0,2150816.2862744904,0.0,,0.0,,0.0
